{"train_policy_loss": -4.933474063873291, "train_alpha_loss": 2.5153446197509766, "train_critic_loss_1": 0.01642504706978798, "train_critic_loss_2": 0.014020433649420738, "train_alpha": 0.7527790665626526, "train_pi_log_prob": -1.3405213356018066, "train_policy_entropy": 1.3048367500305176, "train_avg_sigma": 0.8930016756057739, "train_q_target": 3.915205478668213, "train_q_1": 3.9758658409118652, "train_q_2": 3.9220242500305176, "_timestamp": 1692687491.4870026, "_runtime": 21.346648693084717, "_step": 1000, "_wandb": {"runtime": 30}}